"DESCRIPTION","DURATION IN MS","NAME","PARENT SUITE","START TIME","STATUS","STOP TIME","SUB SUITE","SUITE","TEST CLASS","TEST METHOD"
"","96",".its() - get properties on the current subject","Connectors","2026-10-06","passed","2026-10-06","","","",""
"","77","Cypress.Screenshot.defaults() - change default config of screenshots","Misc","2026-10-06","passed","2026-10-06","","Cypress.Screenshot","",""
"","874","cy.go() - go back or forward in the browser's history","Navigation","2026-10-06","passed","2026-10-06","","","",""
"","78","Cypress.minimatch - test out glob patterns against strings","Utilities","2026-10-06","passed","2026-10-06","","","",""
"","304",".should() - make an assertion about the current subject","Assertions","2026-10-06","passed","2026-10-06","","Implicit Assertions","",""
"","384",".blur() - blur off a DOM element","Actions","2026-10-06","passed","2026-10-06","","","",""
"","93",".first() - get first DOM element","Traversal","2026-10-06","passed","2026-10-06","","","",""
"","306","cy.fixture() - load a fixture","Files","2026-10-06","passed","2026-10-06","","","",""
"","314","cy.visit() - visit a remote url","Navigation","2026-10-06","passed","2026-10-06","","","",""
"","198","cy.request() - pass result to the second request","Network Requests","2026-10-06","passed","2026-10-06","","","",""
"","202","cy.hash() - get the current URL hash","Location","2026-10-06","passed","2026-10-06","","","",""
"","2790","cy.viewport() - set the viewport size and dimension","Viewport","2026-10-06","passed","2026-10-06","","","",""
"","81","yields the returned value to the next command","Connectors","2026-10-06","passed","2026-10-06","",".then()","",""
"","339","displays two todo items by default","example to-do app","2026-10-06","passed","2026-10-06","","","",""
"","205","cy.wait() - wait for a specific route","Waiting","2026-10-06","passed","2026-10-06","","","",""
"","89",".prevAll() - get all previous sibling DOM elements","Traversal","2026-10-06","passed","2026-10-06","","","",""
"","112",".debug() - enable or disable debugging","Cypress APIs","2026-10-06","passed","2026-10-06","","Cypress.Cookies","",""
"","72","yields the value yielded by the last Cypress command inside","Connectors","2026-10-06","passed","2026-10-06","",".then()","",""
"","393","cy.intercept() - route responses to matching requests","Network Requests","2026-10-06","passed","2026-10-06","","","",""
"","170","cy.getAllLocalStorage() - get all data in localStorage for all origins","Local Storage / Session Storage","2026-10-06","passed","2026-10-06","","","",""
"","249","cy.get() - query DOM elements","Querying","2026-10-06","passed","2026-10-06","","","",""
"","88",".siblings() - get all sibling DOM elements","Traversal","2026-10-06","passed","2026-10-06","","","",""
"","76","cy.stub() - create a stub and/or replace a function with stub","Spies, Stubs, and Clock","2026-10-06","passed","2026-10-06","","","",""
"","263","can filter for uncompleted tasks","example to-do app","2026-10-06","passed","2026-10-06","","with a checked task","",""
"","790","cy.exec() - execute a system command","Misc","2026-10-06","passed","2026-10-06","","","",""
"","112",".next() - get next sibling DOM element","Traversal","2026-10-06","passed","2026-10-06","","","",""
"","95",".invoke() - invoke a function on the current subject","Connectors","2026-10-06","passed","2026-10-06","","","",""
"","366",".submit() - submit a form","Actions","2026-10-06","passed","2026-10-06","","","",""
"","79","cy.wrap() - wrap an object","Misc","2026-10-06","passed","2026-10-06","","","",""
"","224",".children() - get child DOM elements","Traversal","2026-10-06","passed","2026-10-06","","","",""
"","109",".parents() - get parent DOM elements from DOM elements","Traversal","2026-10-06","passed","2026-10-06","","","",""
"","116","pass your own callback function to should()","Assertions","2026-10-06","passed","2026-10-06","","Explicit Assertions","",""
"","99","Get and set configuration options","Cypress APIs","2026-10-06","passed","2026-10-06","","Cypress.config()","",""
"","94",".closest() - get closest ancestor DOM element","Traversal","2026-10-06","passed","2026-10-06","","","",""
"","21","cy.stub() matches depending on arguments","Spies, Stubs, and Clock","2026-10-06","passed","2026-10-06","","","",""
"","82","cy.title() - get the title","Window","2026-10-06","passed","2026-10-06","","","",""
"","93","cy.location() - get window.location","Location","2026-10-06","passed","2026-10-06","","","",""
"","234","Cypress._ - call a lodash method","Utilities","2026-10-06","passed","2026-10-06","","","",""
"","97",".filter() - get DOM elements that match the selector","Traversal","2026-10-06","passed","2026-10-06","","","",""
"","102",".prev() - get previous sibling DOM element","Traversal","2026-10-06","passed","2026-10-06","","","",""
"","121","finds element by class name regex","Assertions","2026-10-06","passed","2026-10-06","","Explicit Assertions","",""
"","126","cy.contains() - query DOM elements with matching content","Querying","2026-10-06","passed","2026-10-06","","","",""
"","194","cy.request() - save response in the shared test context","Network Requests","2026-10-06","passed","2026-10-06","","","",""
"","116","expect - make an assertion about a specified subject","Assertions","2026-10-06","passed","2026-10-06","","Explicit Assertions","",""
"","628","cy.screenshot() - take a screenshot","Misc","2026-10-06","passed","2026-10-06","","Cypress.Screenshot","",""
"","372","cy.reload() - reload the page","Navigation","2026-10-06","passed","2026-10-06","","","",""
"","100","assert - assert shape of an object","Assertions","2026-10-06","passed","2026-10-06","","Explicit Assertions","",""
"","82",".spread() - spread an array as individual args to callback function","Connectors","2026-10-06","passed","2026-10-06","","","",""
"","103",".parentsUntil() - get parent DOM elements from DOM elements until el","Traversal","2026-10-06","passed","2026-10-06","","","",""
"","107",".prevUntil() - get all previous sibling DOM elements until el","Traversal","2026-10-06","passed","2026-10-06","","","",""
"","173","cy.clearCookies() - clear browser cookies for the current domain","Cookies","2026-10-06","passed","2026-10-06","","","",""
"","85","cy.document() - get the document object","Window","2026-10-06","passed","2026-10-06","","","",""
"","65","Control what is printed to the Command Log","Cypress APIs","2026-10-06","passed","2026-10-06","","Cypress.log","",""
"","2531","cy.spy() retries until assertions pass","Spies, Stubs, and Clock","2026-10-06","passed","2026-10-06","","","",""
"","166","cy.writeFile() - write to a file","Files","2026-10-06","passed","2026-10-06","","","",""
"","116","cy.getAllCookies() - get all browser cookies","Cookies","2026-10-06","passed","2026-10-06","","","",""
"","121",".focus() - focus on a DOM element","Actions","2026-10-06","passed","2026-10-06","","","",""
"","1581","retries the should callback until assertions pass","Assertions","2026-10-06","passed","2026-10-06","","Explicit Assertions","",""
"","84","yields the original subject without return","Connectors","2026-10-06","passed","2026-10-06","",".then()","",""
"","83","Get current spec information","Cypress APIs","2026-10-06","passed","2026-10-06","","Cypress.spec","",""
"","91","cy.fixture() or require - load a fixture","Files","2026-10-06","passed","2026-10-06","","","",""
"","171","cy.clearCookie() - clear a browser cookie","Cookies","2026-10-06","passed","2026-10-06","","","",""
"","464","cy.clearLocalStorage() - clear all data in localStorage for the current origin","Local Storage / Session Storage","2026-10-06","passed","2026-10-06","","","",""
"","255","can delete all completed tasks","example to-do app","2026-10-06","passed","2026-10-06","","with a checked task","",""
"","4424","cy.wait() - wait for a specific amount of time","Waiting","2026-10-06","passed","2026-10-06","","","",""
"","311",".as() - alias a route for later use","Aliasing","2026-10-06","passed","2026-10-06","","","",""
"","168","cy.clearAllSessionStorage() - clear all data in sessionStorage for all origins","Local Storage / Session Storage","2026-10-06","passed","2026-10-06","","","",""
"","232","cy.request() - verify response using BDD syntax","Network Requests","2026-10-06","passed","2026-10-06","","","",""
"","776",".uncheck() - uncheck a checkbox element","Actions","2026-10-06","passed","2026-10-06","","","",""
"","88","cy.url() - get the current URL","Location","2026-10-06","passed","2026-10-06","","","",""
"","601","best practices - selecting elements","Querying","2026-10-06","passed","2026-10-06","","","",""
"","95",".within() - query DOM elements within a specific element","Querying","2026-10-06","passed","2026-10-06","","","",""
"","94","invokes a callback function with the current subject","Connectors","2026-10-06","passed","2026-10-06","",".then()","",""
"","200","cy.getCookies() - get browser cookies for the current domain","Cookies","2026-10-06","passed","2026-10-06","","","",""
"","774",".check() - check a checkbox or radio element","Actions","2026-10-06","passed","2026-10-06","","","",""
"","250","Cypress.Blob - blob utilities and base64 string conversion","Utilities","2026-10-06","passed","2026-10-06","","","",""
"","1081","Cypress.Promise - instantiate a bluebird promise","Utilities","2026-10-06","passed","2026-10-06","","","",""
"","864",".select() - select an option in a <select> element","Actions","2026-10-06","passed","2026-10-06","","","",""
"","162","cy.request() with query parameters","Network Requests","2026-10-06","passed","2026-10-06","","","",""
"","489",".clear() - clears an input or textarea element","Actions","2026-10-06","passed","2026-10-06","","","",""
"","354",".as() - alias a DOM element for later use","Aliasing","2026-10-06","passed","2026-10-06","","","",""
"","181","cy.clock() - control time in the browser","Spies, Stubs, and Clock","2026-10-06","passed","2026-10-06","","","",""
"","2133","cy.scrollTo() - scroll the window or element to a position","Actions","2026-10-06","passed","2026-10-06","","","",""
"","77",".isHidden() - determine if a DOM element is hidden","Cypress APIs","2026-10-06","passed","2026-10-06","","Cypress.dom","",""
"","204",".each() - iterate over an array of elements","Connectors","2026-10-06","passed","2026-10-06","","","",""
"","100",".find() - get descendant DOM elements of the selector","Traversal","2026-10-06","passed","2026-10-06","","","",""
"","1877",".click() - click on a DOM element","Actions","2026-10-06","passed","2026-10-06","","","",""
"","167","cy.clearAllLocalStorage() - clear all data in localStorage for all origins","Local Storage / Session Storage","2026-10-06","passed","2026-10-06","","","",""
"","164","cy.getAllSessionStorage() - get all data in sessionStorage for all origins","Local Storage / Session Storage","2026-10-06","passed","2026-10-06","","","",""
"","99","can throw any error","Assertions","2026-10-06","passed","2026-10-06","","Explicit Assertions","",""
"","266","cy.focused() - get the DOM element that has focus","Misc","2026-10-06","passed","2026-10-06","","","",""
"","112","cy.clearAllCookies() - clear all browser cookies","Cookies","2026-10-06","passed","2026-10-06","","","",""
"","115","matches unknown text between two elements","Assertions","2026-10-06","passed","2026-10-06","","Explicit Assertions","",""
"","3624",".type() - type into a DOM element","Actions","2026-10-06","passed","2026-10-06","","","",""
"","179",".dblclick() - double click on a DOM element","Actions","2026-10-06","passed","2026-10-06","","","",""
"","202",".add() - create a custom command","Cypress APIs","2026-10-06","passed","2026-10-06","","Cypress.Commands","",""
"","112",".scrollIntoView() - scroll an element into view","Actions","2026-10-06","passed","2026-10-06","","","",""
"","125",".and() - chain multiple assertions together","Assertions","2026-10-06","passed","2026-10-06","","Implicit Assertions","",""
"","252","cy.tick() - move time in the browser","Spies, Stubs, and Clock","2026-10-06","passed","2026-10-06","","","",""
"","71","Get underlying OS name","Cypress APIs","2026-10-06","passed","2026-10-06","","Cypress.platform","",""
"","87",".nextUntil() - get next sibling DOM elements until next el","Traversal","2026-10-06","passed","2026-10-06","","","",""
"","182","can check off an item as completed","example to-do app","2026-10-06","passed","2026-10-06","","","",""
"","257","can filter for completed tasks","example to-do app","2026-10-06","passed","2026-10-06","","with a checked task","",""
"","86",".parent() - get parent DOM element from DOM elements","Traversal","2026-10-06","passed","2026-10-06","","","",""
"","29","matches call arguments using Sinon matchers","Spies, Stubs, and Clock","2026-10-06","passed","2026-10-06","","","",""
"","82","Get environment variables","Cypress APIs","2026-10-06","passed","2026-10-06","","Cypress.env()","",""
"","82","Get CPU architecture name of underlying OS","Cypress APIs","2026-10-06","passed","2026-10-06","","Cypress.arch","",""
"","85",".not() - remove DOM elements from set of DOM elements","Traversal","2026-10-06","passed","2026-10-06","","","",""
"","102",".eq() - get a DOM element at a specific index","Traversal","2026-10-06","passed","2026-10-06","","","",""
"","101","cy.setCookie() - set a browser cookie","Cookies","2026-10-06","passed","2026-10-06","","","",""
"","128",".trigger() - trigger an event on a DOM element","Actions","2026-10-06","passed","2026-10-06","","","",""
"","91",".last() - get last DOM element","Traversal","2026-10-06","passed","2026-10-06","","","",""
"","410","can add new todo items","example to-do app","2026-10-06","passed","2026-10-06","","","",""
"","83",".nextAll() - get all next sibling DOM elements","Traversal","2026-10-06","passed","2026-10-06","","","",""
"","171",".rightclick() - right click on a DOM element","Actions","2026-10-06","passed","2026-10-06","","","",""
"","207","cy.window() - get the global window object","Window","2026-10-06","passed","2026-10-06","","","",""
"","106","cy.readFile() - read file contents","Files","2026-10-06","passed","2026-10-06","","","",""
"","251","Cypress.$ - call a jQuery method","Utilities","2026-10-06","passed","2026-10-06","","","",""
"","182","cy.spy() - wrap a method in a spy","Spies, Stubs, and Clock","2026-10-06","passed","2026-10-06","","","",""
"","67","Get current version of Cypress being run","Cypress APIs","2026-10-06","passed","2026-10-06","","Cypress.version","",""
"","80","cy.root() - query the root DOM element","Querying","2026-10-06","passed","2026-10-06","","","",""
"","328","cy.getCookie() - get a browser cookie","Cookies","2026-10-06","passed","2026-10-06","","","",""
"","340","cy.request() - make an XHR request","Network Requests","2026-10-06","passed","2026-10-06","","","",""
